{"epoch": 49, "loss_fold0": 0.05064658307092434, "_step": 249, "_runtime": 2, "_timestamp": 1611060145, "loss_fold1": 0.002846583070924338, "loss_fold2": 0.060046583070924336, "loss_fold3": -0.06455341692907565, "loss_fold4": 0.08484658307092434}