{"epoch_fold{i_fold}": 49, "loss_fold0": 0.08584658307092434, "_step": 249, "_runtime": 1, "_timestamp": 1611059289, "loss_fold1": -0.04235341692907566, "loss_fold2": -0.048753416929075664, "loss_fold3": -0.012353416929075663, "loss_fold4": 0.07384658307092434}