{"epoch_fold0": 49, "loss_fold0": -0.05595341692907566, "_step": 249, "_runtime": 2, "_timestamp": 1611059442, "epoch_fold1": 49, "loss_fold1": -0.03435341692907566, "epoch_fold2": 49, "loss_fold2": -0.08715341692907566, "epoch_fold3": 49, "loss_fold3": 0.03804658307092434, "epoch_fold4": 49, "loss_fold4": 0.05644658307092434}