{"epoch": 9, "loss_fold0": -0.01647659019591332, "_step": 49, "_runtime": 1, "_timestamp": 1611058923, "loss_fold1": 0.061123409804086676, "loss_fold2": 0.09692340980408667, "loss_fold3": 0.040523409804086676, "loss_fold4": -0.08427659019591333}