{"epoch_fold0": 49, "loss_fold0": 0.08584658307092434, "_step": 249, "_runtime": 2, "_timestamp": 1611059372, "epoch_fold1": 49, "loss_fold1": 0.009846583070924338, "epoch_fold2": 49, "loss_fold2": -0.08615341692907566, "epoch_fold3": 49, "loss_fold3": 0.003646583070924338, "epoch_fold4": 49, "loss_fold4": -0.07115341692907566}