{"epoch": 49, "loss_fold0": 0.08904658307092435, "_step": 249, "_runtime": 2, "_timestamp": 1611059069, "loss_fold1": 0.02384658307092434, "loss_fold2": 0.10104658307092435, "loss_fold3": -0.059953416929075666, "loss_fold4": -0.07415341692907566}