{"epoch": 9, "loss_fold0": 0.00012340980408667956, "_step": 49, "_runtime": 1, "_timestamp": 1611058742, "loss_fold1": 0.00012340980408667956, "loss_fold2": 0.00012340980408667956, "loss_fold3": 0.00012340980408667956, "loss_fold4": 0.00012340980408667956}