{"epoch_fold0": 49, "loss_fold0": 0.053246583070924336, "_step": 249, "_runtime": 2, "_timestamp": 1611059320, "epoch_fold1": 49, "loss_fold1": 0.021446583070924338, "epoch_fold2": 49, "loss_fold2": 0.10204658307092435, "epoch_fold3": 49, "loss_fold3": 0.06684658307092434, "epoch_fold4": 49, "loss_fold4": -0.023353416929075662}