{"epoch": 49, "loss_fold0": 0.037446583070924334, "_step": 249, "_runtime": 1, "_timestamp": 1611060093, "loss_fold1": -0.012553416929075661, "loss_fold2": -0.04095341692907566, "loss_fold3": 0.10124658307092434, "loss_fold4": -0.02295341692907566}